repo_owner,repo_name,pr_number,pr_url,pr_status,analysis_time_hours,size_files_changed,size_lines_added,size_lines_removed,description_chars,interaction_participants,interaction_comments,num_reviews
freeCodeCamp,freeCodeCamp,62537,https://github.com/freeCodeCamp/freeCodeCamp/pull/62537,MERGED,20.65,20,23,27,1062,3,0,3
freeCodeCamp,freeCodeCamp,62549,https://github.com/freeCodeCamp/freeCodeCamp/pull/62549,MERGED,9.21,4,4,4,761,4,1,3
freeCodeCamp,freeCodeCamp,62078,https://github.com/freeCodeCamp/freeCodeCamp/pull/62078,MERGED,688.54,1,18,0,1970,4,3,5
freeCodeCamp,freeCodeCamp,62289,https://github.com/freeCodeCamp/freeCodeCamp/pull/62289,MERGED,288.3,5,373,0,1059,3,0,14
freeCodeCamp,freeCodeCamp,62551,https://github.com/freeCodeCamp/freeCodeCamp/pull/62551,MERGED,1.25,20,13587,1919,45,3,0,2
freeCodeCamp,freeCodeCamp,62495,https://github.com/freeCodeCamp/freeCodeCamp/pull/62495,MERGED,61.38,1,4,3,761,4,0,6
freeCodeCamp,freeCodeCamp,62534,https://github.com/freeCodeCamp/freeCodeCamp/pull/62534,MERGED,17.12,14,15,15,761,4,0,3
freeCodeCamp,freeCodeCamp,62533,https://github.com/freeCodeCamp/freeCodeCamp/pull/62533,MERGED,15.97,25,29,29,761,4,0,3
freeCodeCamp,freeCodeCamp,62181,https://github.com/freeCodeCamp/freeCodeCamp/pull/62181,MERGED,575.51,102,649,546,390,3,1,3
freeCodeCamp,freeCodeCamp,62469,https://github.com/freeCodeCamp/freeCodeCamp/pull/62469,CLOSED,76.32,10,460,0,663,2,2,2
freeCodeCamp,freeCodeCamp,62542,https://github.com/freeCodeCamp/freeCodeCamp/pull/62542,MERGED,3.46,1,1,1,762,4,2,2
freeCodeCamp,freeCodeCamp,62459,https://github.com/freeCodeCamp/freeCodeCamp/pull/62459,MERGED,96.5,2,99,34,663,4,0,2
freeCodeCamp,freeCodeCamp,62536,https://github.com/freeCodeCamp/freeCodeCamp/pull/62536,MERGED,13.32,1,4,4,958,3,0,2
freeCodeCamp,freeCodeCamp,62364,https://github.com/freeCodeCamp/freeCodeCamp/pull/62364,MERGED,257.09,113,788,560,390,3,0,7
freeCodeCamp,freeCodeCamp,62440,https://github.com/freeCodeCamp/freeCodeCamp/pull/62440,MERGED,116.32,4,2919,10,817,3,0,3
freeCodeCamp,freeCodeCamp,62516,https://github.com/freeCodeCamp/freeCodeCamp/pull/62516,MERGED,15.77,1,1,1,717,3,3,2
freeCodeCamp,freeCodeCamp,62499,https://github.com/freeCodeCamp/freeCodeCamp/pull/62499,MERGED,31.46,2,2,2,761,3,1,2
freeCodeCamp,freeCodeCamp,62493,https://github.com/freeCodeCamp/freeCodeCamp/pull/62493,MERGED,21.58,1,1,1,820,3,0,2
freeCodeCamp,freeCodeCamp,62510,https://github.com/freeCodeCamp/freeCodeCamp/pull/62510,MERGED,2.62,2,0,30,761,3,0,2
freeCodeCamp,freeCodeCamp,62500,https://github.com/freeCodeCamp/freeCodeCamp/pull/62500,MERGED,14.4,1,1,1,892,3,1,2
freeCodeCamp,freeCodeCamp,62102,https://github.com/freeCodeCamp/freeCodeCamp/pull/62102,MERGED,403.14,69,492,478,393,4,0,2
freeCodeCamp,freeCodeCamp,62026,https://github.com/freeCodeCamp/freeCodeCamp/pull/62026,MERGED,626.89,105,1079,704,393,3,0,3
freeCodeCamp,freeCodeCamp,61903,https://github.com/freeCodeCamp/freeCodeCamp/pull/61903,MERGED,857.61,133,1800,622,391,5,0,3
freeCodeCamp,freeCodeCamp,61788,https://github.com/freeCodeCamp/freeCodeCamp/pull/61788,MERGED,1008.66,136,1060,647,393,5,1,3
freeCodeCamp,freeCodeCamp,61667,https://github.com/freeCodeCamp/freeCodeCamp/pull/61667,MERGED,1331.12,113,523,469,393,5,1,4
freeCodeCamp,freeCodeCamp,61569,https://github.com/freeCodeCamp/freeCodeCamp/pull/61569,MERGED,744.58,165,736,628,460,5,1,6
freeCodeCamp,freeCodeCamp,61464,https://github.com/freeCodeCamp/freeCodeCamp/pull/61464,MERGED,8.44,11,20,20,496,3,0,2
freeCodeCamp,freeCodeCamp,61366,https://github.com/freeCodeCamp/freeCodeCamp/pull/61366,MERGED,31.35,129,129,129,485,4,1,3
freeCodeCamp,freeCodeCamp,62481,https://github.com/freeCodeCamp/freeCodeCamp/pull/62481,MERGED,7.31,10,29,26,155,3,1,5
freeCodeCamp,freeCodeCamp,62188,https://github.com/freeCodeCamp/freeCodeCamp/pull/62188,MERGED,502.51,15,1496,19,1889,6,12,14
freeCodeCamp,freeCodeCamp,62474,https://github.com/freeCodeCamp/freeCodeCamp/pull/62474,MERGED,6.42,6,13,11,272,4,3,2
freeCodeCamp,freeCodeCamp,62460,https://github.com/freeCodeCamp/freeCodeCamp/pull/62460,MERGED,30.19,5,245,0,972,3,0,5
freeCodeCamp,freeCodeCamp,62483,https://github.com/freeCodeCamp/freeCodeCamp/pull/62483,MERGED,1.93,1,4,4,400,5,7,3
freeCodeCamp,freeCodeCamp,62478,https://github.com/freeCodeCamp/freeCodeCamp/pull/62478,MERGED,3.93,1,2,1,753,3,0,2
freeCodeCamp,freeCodeCamp,62462,https://github.com/freeCodeCamp/freeCodeCamp/pull/62462,MERGED,23.46,5,206,17,817,4,1,5
freeCodeCamp,freeCodeCamp,62476,https://github.com/freeCodeCamp/freeCodeCamp/pull/62476,CLOSED,2.71,1,1,1,765,2,5,1
freeCodeCamp,freeCodeCamp,62473,https://github.com/freeCodeCamp/freeCodeCamp/pull/62473,MERGED,1.78,1,4,4,792,3,5,2
freeCodeCamp,freeCodeCamp,62413,https://github.com/freeCodeCamp/freeCodeCamp/pull/62413,MERGED,89.75,1,3,0,919,4,1,4
freeCodeCamp,freeCodeCamp,62466,https://github.com/freeCodeCamp/freeCodeCamp/pull/62466,MERGED,8.17,12,48,46,1690,3,0,4
freeCodeCamp,freeCodeCamp,62262,https://github.com/freeCodeCamp/freeCodeCamp/pull/62262,MERGED,19.45,10,19,21,788,3,0,2
freeCodeCamp,freeCodeCamp,62258,https://github.com/freeCodeCamp/freeCodeCamp/pull/62258,MERGED,20.56,1,5,5,1113,3,0,2
freeCodeCamp,freeCodeCamp,62261,https://github.com/freeCodeCamp/freeCodeCamp/pull/62261,MERGED,20.02,5,7,7,788,3,0,2
freeCodeCamp,freeCodeCamp,62255,https://github.com/freeCodeCamp/freeCodeCamp/pull/62255,MERGED,100.25,1,9,9,1059,3,0,4
freeCodeCamp,freeCodeCamp,62216,https://github.com/freeCodeCamp/freeCodeCamp/pull/62216,MERGED,118.52,5,135,0,803,4,0,4
freeCodeCamp,freeCodeCamp,62055,https://github.com/freeCodeCamp/freeCodeCamp/pull/62055,MERGED,414.75,8,1255,49,792,4,0,8
freeCodeCamp,freeCodeCamp,62227,https://github.com/freeCodeCamp/freeCodeCamp/pull/62227,MERGED,192.42,5,109,0,789,3,2,3
freeCodeCamp,freeCodeCamp,62128,https://github.com/freeCodeCamp/freeCodeCamp/pull/62128,MERGED,317.27,5,130,0,792,6,0,8
freeCodeCamp,freeCodeCamp,62226,https://github.com/freeCodeCamp/freeCodeCamp/pull/62226,MERGED,331.21,5,115,0,803,4,2,4
freeCodeCamp,freeCodeCamp,62198,https://github.com/freeCodeCamp/freeCodeCamp/pull/62198,MERGED,287.59,5,212,0,792,3,2,8
freeCodeCamp,freeCodeCamp,61638,https://github.com/freeCodeCamp/freeCodeCamp/pull/61638,MERGED,1348.12,19,2814,0,792,5,1,8
freeCodeCamp,freeCodeCamp,62393,https://github.com/freeCodeCamp/freeCodeCamp/pull/62393,MERGED,128.32,1,5,6,733,3,0,2
freeCodeCamp,freeCodeCamp,62461,https://github.com/freeCodeCamp/freeCodeCamp/pull/62461,MERGED,21.09,1,1,1,761,4,0,2
freeCodeCamp,freeCodeCamp,62253,https://github.com/freeCodeCamp/freeCodeCamp/pull/62253,MERGED,358.03,39,2815,3,803,4,1,10
freeCodeCamp,freeCodeCamp,62450,https://github.com/freeCodeCamp/freeCodeCamp/pull/62450,MERGED,24.65,13,206,125,1721,3,2,4
freeCodeCamp,freeCodeCamp,61040,https://github.com/freeCodeCamp/freeCodeCamp/pull/61040,MERGED,2400.96,5,90,27,1053,5,3,6
freeCodeCamp,freeCodeCamp,62344,https://github.com/freeCodeCamp/freeCodeCamp/pull/62344,MERGED,193.17,16,1034,524,926,3,2,10
freeCodeCamp,freeCodeCamp,62266,https://github.com/freeCodeCamp/freeCodeCamp/pull/62266,MERGED,326.07,5,1611,11,803,5,3,6
freeCodeCamp,freeCodeCamp,62448,https://github.com/freeCodeCamp/freeCodeCamp/pull/62448,MERGED,16.47,2,12,0,826,3,1,2
freeCodeCamp,freeCodeCamp,62439,https://github.com/freeCodeCamp/freeCodeCamp/pull/62439,MERGED,26.92,1,1,1,761,3,1,2
freeCodeCamp,freeCodeCamp,62457,https://github.com/freeCodeCamp/freeCodeCamp/pull/62457,MERGED,5.8,1,2,2,891,3,0,2
freeCodeCamp,freeCodeCamp,62240,https://github.com/freeCodeCamp/freeCodeCamp/pull/62240,MERGED,360.44,35,119,61,735,5,15,13
freeCodeCamp,freeCodeCamp,62417,https://github.com/freeCodeCamp/freeCodeCamp/pull/62417,MERGED,38.46,7,9,9,761,3,1,6
freeCodeCamp,freeCodeCamp,62451,https://github.com/freeCodeCamp/freeCodeCamp/pull/62451,MERGED,1.19,1,2,2,1333,4,1,2
freeCodeCamp,freeCodeCamp,62444,https://github.com/freeCodeCamp/freeCodeCamp/pull/62444,MERGED,5.97,2,43,25,833,3,0,4
freeCodeCamp,freeCodeCamp,62443,https://github.com/freeCodeCamp/freeCodeCamp/pull/62443,MERGED,2.55,20,1490,1360,45,3,0,1
freeCodeCamp,freeCodeCamp,62442,https://github.com/freeCodeCamp/freeCodeCamp/pull/62442,CLOSED,1.93,1,9,5,1174,2,0,1
freeCodeCamp,freeCodeCamp,61399,https://github.com/freeCodeCamp/freeCodeCamp/pull/61399,MERGED,1799.59,6,27,34,1188,3,2,1
freeCodeCamp,freeCodeCamp,62433,https://github.com/freeCodeCamp/freeCodeCamp/pull/62433,MERGED,9.46,39,1350,4,851,4,0,3
freeCodeCamp,freeCodeCamp,62432,https://github.com/freeCodeCamp/freeCodeCamp/pull/62432,MERGED,10.86,2,2,2,889,3,1,2
freeCodeCamp,freeCodeCamp,62355,https://github.com/freeCodeCamp/freeCodeCamp/pull/62355,MERGED,124.75,1,123,4,803,4,0,5
freeCodeCamp,freeCodeCamp,62416,https://github.com/freeCodeCamp/freeCodeCamp/pull/62416,MERGED,4.88,2,3,3,820,3,0,2
freeCodeCamp,freeCodeCamp,62424,https://github.com/freeCodeCamp/freeCodeCamp/pull/62424,MERGED,4.74,6,204,59,807,3,0,2
freeCodeCamp,freeCodeCamp,62414,https://github.com/freeCodeCamp/freeCodeCamp/pull/62414,MERGED,23.74,469,1318,1318,1304,3,3,3
freeCodeCamp,freeCodeCamp,59204,https://github.com/freeCodeCamp/freeCodeCamp/pull/59204,MERGED,4898.97,7,49,191,810,3,1,2
freeCodeCamp,freeCodeCamp,58016,https://github.com/freeCodeCamp/freeCodeCamp/pull/58016,CLOSED,6342.69,2225,10732,20633,1077,4,7,15
freeCodeCamp,freeCodeCamp,61197,https://github.com/freeCodeCamp/freeCodeCamp/pull/61197,CLOSED,2140.55,2,72,43,1000,5,3,4
freeCodeCamp,freeCodeCamp,61250,https://github.com/freeCodeCamp/freeCodeCamp/pull/61250,CLOSED,2022.68,1,29,27,846,5,2,1
freeCodeCamp,freeCodeCamp,61425,https://github.com/freeCodeCamp/freeCodeCamp/pull/61425,MERGED,1702.34,69,1925,1825,1483,7,3,3
freeCodeCamp,freeCodeCamp,62367,https://github.com/freeCodeCamp/freeCodeCamp/pull/62367,MERGED,106.17,39,3027,7,747,3,0,7
freeCodeCamp,freeCodeCamp,62105,https://github.com/freeCodeCamp/freeCodeCamp/pull/62105,MERGED,495.71,7,9,29,833,3,0,2
freeCodeCamp,freeCodeCamp,61424,https://github.com/freeCodeCamp/freeCodeCamp/pull/61424,MERGED,1699.9,28,1613,2,806,5,3,15
freeCodeCamp,freeCodeCamp,62053,https://github.com/freeCodeCamp/freeCodeCamp/pull/62053,MERGED,601.55,12,505,3,806,5,1,10
freeCodeCamp,freeCodeCamp,62407,https://github.com/freeCodeCamp/freeCodeCamp/pull/62407,MERGED,3.42,5,126,4,817,3,0,2
freeCodeCamp,freeCodeCamp,57681,https://github.com/freeCodeCamp/freeCodeCamp/pull/57681,MERGED,8.25,5,34,38,825,3,0,2
freeCodeCamp,freeCodeCamp,57638,https://github.com/freeCodeCamp/freeCodeCamp/pull/57638,MERGED,66.83,11,67,85,1958,4,0,11
freeCodeCamp,freeCodeCamp,57618,https://github.com/freeCodeCamp/freeCodeCamp/pull/57618,MERGED,46.98,4,23,22,1359,4,0,3
freeCodeCamp,freeCodeCamp,57178,https://github.com/freeCodeCamp/freeCodeCamp/pull/57178,MERGED,6.15,2,199,1,750,4,0,5
freeCodeCamp,freeCodeCamp,61383,https://github.com/freeCodeCamp/freeCodeCamp/pull/61383,MERGED,34.41,5,132,0,885,3,1,5
freeCodeCamp,freeCodeCamp,61382,https://github.com/freeCodeCamp/freeCodeCamp/pull/61382,MERGED,203.41,5,156,0,966,3,4,4
freeCodeCamp,freeCodeCamp,62129,https://github.com/freeCodeCamp/freeCodeCamp/pull/62129,MERGED,289.88,5,141,0,806,4,1,6
freeCodeCamp,freeCodeCamp,57309,https://github.com/freeCodeCamp/freeCodeCamp/pull/57309,MERGED,36.71,2,49,1,750,3,0,3
freeCodeCamp,freeCodeCamp,57308,https://github.com/freeCodeCamp/freeCodeCamp/pull/57308,MERGED,38.95,2,20,1,750,4,0,4
freeCodeCamp,freeCodeCamp,57307,https://github.com/freeCodeCamp/freeCodeCamp/pull/57307,MERGED,174.24,11,110,52,733,4,3,3
freeCodeCamp,freeCodeCamp,56978,https://github.com/freeCodeCamp/freeCodeCamp/pull/56978,MERGED,474.02,20,2961,0,806,4,4,10
freeCodeCamp,freeCodeCamp,61376,https://github.com/freeCodeCamp/freeCodeCamp/pull/61376,MERGED,37.02,5,140,0,806,4,1,5
freeCodeCamp,freeCodeCamp,57311,https://github.com/freeCodeCamp/freeCodeCamp/pull/57311,MERGED,246.29,2,210,1,805,3,0,3
freeCodeCamp,freeCodeCamp,56767,https://github.com/freeCodeCamp/freeCodeCamp/pull/56767,MERGED,297.55,5,366,2,805,6,3,14
freeCodeCamp,freeCodeCamp,56482,https://github.com/freeCodeCamp/freeCodeCamp/pull/56482,MERGED,1135.28,5,193,1,901,4,2,4
freeCodeCamp,freeCodeCamp,56011,https://github.com/freeCodeCamp/freeCodeCamp/pull/56011,MERGED,450.51,4,760,1,750,4,3,10
freeCodeCamp,freeCodeCamp,60128,https://github.com/freeCodeCamp/freeCodeCamp/pull/60128,MERGED,423.09,2,696,5,795,3,0,5
freeCodeCamp,freeCodeCamp,59460,https://github.com/freeCodeCamp/freeCodeCamp/pull/59460,MERGED,1036.53,5,907,1,806,8,8,22
freeCodeCamp,freeCodeCamp,56054,https://github.com/freeCodeCamp/freeCodeCamp/pull/56054,MERGED,532.2,4,287,0,856,5,10,23
freeCodeCamp,freeCodeCamp,56012,https://github.com/freeCodeCamp/freeCodeCamp/pull/56012,MERGED,312.88,4,686,1,750,4,2,6
freeCodeCamp,freeCodeCamp,56010,https://github.com/freeCodeCamp/freeCodeCamp/pull/56010,MERGED,312.39,4,933,1,785,4,6,4
freeCodeCamp,freeCodeCamp,61340,https://github.com/freeCodeCamp/freeCodeCamp/pull/61340,MERGED,242.52,5,131,0,806,4,2,6
freeCodeCamp,freeCodeCamp,57208,https://github.com/freeCodeCamp/freeCodeCamp/pull/57208,MERGED,512.67,5,379,1,806,5,2,8
freeCodeCamp,freeCodeCamp,57205,https://github.com/freeCodeCamp/freeCodeCamp/pull/57205,MERGED,534.82,5,381,1,806,4,2,6
freeCodeCamp,freeCodeCamp,57202,https://github.com/freeCodeCamp/freeCodeCamp/pull/57202,MERGED,530.62,5,299,1,806,4,1,6
freeCodeCamp,freeCodeCamp,56056,https://github.com/freeCodeCamp/freeCodeCamp/pull/56056,MERGED,148.41,4,424,1,750,3,0,3
freeCodeCamp,freeCodeCamp,62132,https://github.com/freeCodeCamp/freeCodeCamp/pull/62132,MERGED,285.02,5,132,3,806,4,2,8
freeCodeCamp,freeCodeCamp,59545,https://github.com/freeCodeCamp/freeCodeCamp/pull/59545,MERGED,981.6,5,425,5,806,5,0,21
freeCodeCamp,freeCodeCamp,57179,https://github.com/freeCodeCamp/freeCodeCamp/pull/57179,MERGED,7.73,2,24,1,735,4,0,5
freeCodeCamp,freeCodeCamp,56332,https://github.com/freeCodeCamp/freeCodeCamp/pull/56332,MERGED,122.41,4,175,1,948,5,1,12
freeCodeCamp,freeCodeCamp,56270,https://github.com/freeCodeCamp/freeCodeCamp/pull/56270,MERGED,194.81,4,481,1,910,4,1,44
freeCodeCamp,freeCodeCamp,61342,https://github.com/freeCodeCamp/freeCodeCamp/pull/61342,MERGED,162.14,5,120,0,806,5,0,11
freeCodeCamp,freeCodeCamp,61298,https://github.com/freeCodeCamp/freeCodeCamp/pull/61298,MERGED,691.24,5,245,4,806,5,0,9
freeCodeCamp,freeCodeCamp,60845,https://github.com/freeCodeCamp/freeCodeCamp/pull/60845,MERGED,1200.6,5,487,4,806,4,2,19
freeCodeCamp,freeCodeCamp,57040,https://github.com/freeCodeCamp/freeCodeCamp/pull/57040,MERGED,194.02,102,24117,1,806,3,1,2
freeCodeCamp,freeCodeCamp,56799,https://github.com/freeCodeCamp/freeCodeCamp/pull/56799,MERGED,720.66,5,333,1,905,5,3,15
freeCodeCamp,freeCodeCamp,62117,https://github.com/freeCodeCamp/freeCodeCamp/pull/62117,MERGED,389.37,5,118,0,806,4,1,4
freeCodeCamp,freeCodeCamp,62108,https://github.com/freeCodeCamp/freeCodeCamp/pull/62108,MERGED,313.33,5,114,3,806,4,1,11
freeCodeCamp,freeCodeCamp,61337,https://github.com/freeCodeCamp/freeCodeCamp/pull/61337,MERGED,1.98,6,110,0,806,3,0,6
freeCodeCamp,freeCodeCamp,55886,https://github.com/freeCodeCamp/freeCodeCamp/pull/55886,MERGED,588.73,4,352,1,750,4,0,12
freeCodeCamp,freeCodeCamp,55838,https://github.com/freeCodeCamp/freeCodeCamp/pull/55838,MERGED,681.78,4,225,1,750,5,0,11
freeCodeCamp,freeCodeCamp,59121,https://github.com/freeCodeCamp/freeCodeCamp/pull/59121,MERGED,2858.51,5,449,1,806,6,17,9
freeCodeCamp,freeCodeCamp,61750,https://github.com/freeCodeCamp/freeCodeCamp/pull/61750,MERGED,1151.66,17,774,3,806,6,1,18
freeCodeCamp,freeCodeCamp,59633,https://github.com/freeCodeCamp/freeCodeCamp/pull/59633,MERGED,1400.55,29,1655,2,806,6,1,23
freeCodeCamp,freeCodeCamp,56157,https://github.com/freeCodeCamp/freeCodeCamp/pull/56157,MERGED,96.98,4,332,1,825,3,0,5
freeCodeCamp,freeCodeCamp,55885,https://github.com/freeCodeCamp/freeCodeCamp/pull/55885,MERGED,917.57,4,242,1,750,5,0,10
freeCodeCamp,freeCodeCamp,55492,https://github.com/freeCodeCamp/freeCodeCamp/pull/55492,MERGED,1016.09,4,446,1,948,5,1,17
freeCodeCamp,freeCodeCamp,60935,https://github.com/freeCodeCamp/freeCodeCamp/pull/60935,CLOSED,1967.13,51,4883,3,807,4,8,18
freeCodeCamp,freeCodeCamp,62272,https://github.com/freeCodeCamp/freeCodeCamp/pull/62272,MERGED,66.0,4,351,49,803,3,0,3
freeCodeCamp,freeCodeCamp,58574,https://github.com/freeCodeCamp/freeCodeCamp/pull/58574,MERGED,65.72,26,1878,0,750,5,0,5
freeCodeCamp,freeCodeCamp,56147,https://github.com/freeCodeCamp/freeCodeCamp/pull/56147,MERGED,3.24,3,3,3,806,4,0,2
freeCodeCamp,freeCodeCamp,56146,https://github.com/freeCodeCamp/freeCodeCamp/pull/56146,MERGED,2.28,2,2,2,806,3,1,3
freeCodeCamp,freeCodeCamp,57569,https://github.com/freeCodeCamp/freeCodeCamp/pull/57569,MERGED,25.54,1,111,60,801,5,4,3
freeCodeCamp,freeCodeCamp,57078,https://github.com/freeCodeCamp/freeCodeCamp/pull/57078,MERGED,5.36,50,1,3481,1201,3,0,5
freeCodeCamp,freeCodeCamp,60342,https://github.com/freeCodeCamp/freeCodeCamp/pull/60342,MERGED,5.37,1,1,4,864,3,0,2
freeCodeCamp,freeCodeCamp,58472,https://github.com/freeCodeCamp/freeCodeCamp/pull/58472,MERGED,145.48,1,61,63,750,4,1,7
freeCodeCamp,freeCodeCamp,58407,https://github.com/freeCodeCamp/freeCodeCamp/pull/58407,MERGED,223.28,1,22,8,750,6,0,4
freeCodeCamp,freeCodeCamp,58471,https://github.com/freeCodeCamp/freeCodeCamp/pull/58471,MERGED,146.77,1,9,10,750,4,1,3
freeCodeCamp,freeCodeCamp,58477,https://github.com/freeCodeCamp/freeCodeCamp/pull/58477,MERGED,143.43,1,33,39,750,6,0,7
freeCodeCamp,freeCodeCamp,58408,https://github.com/freeCodeCamp/freeCodeCamp/pull/58408,MERGED,245.81,1,57,282,750,4,2,6
freeCodeCamp,freeCodeCamp,58569,https://github.com/freeCodeCamp/freeCodeCamp/pull/58569,MERGED,70.54,1,61,47,750,5,1,10
freeCodeCamp,freeCodeCamp,60729,https://github.com/freeCodeCamp/freeCodeCamp/pull/60729,MERGED,195.98,15,2010,81,873,4,2,13
freeCodeCamp,freeCodeCamp,60590,https://github.com/freeCodeCamp/freeCodeCamp/pull/60590,MERGED,1352.11,2,158,5,795,5,3,5
freeCodeCamp,freeCodeCamp,60462,https://github.com/freeCodeCamp/freeCodeCamp/pull/60462,MERGED,1011.92,1,23,23,906,3,0,2
freeCodeCamp,freeCodeCamp,57073,https://github.com/freeCodeCamp/freeCodeCamp/pull/57073,MERGED,131.67,73,25310,1,806,3,0,2
freeCodeCamp,freeCodeCamp,58617,https://github.com/freeCodeCamp/freeCodeCamp/pull/58617,MERGED,166.13,4,527,0,750,6,0,8
freeCodeCamp,freeCodeCamp,58630,https://github.com/freeCodeCamp/freeCodeCamp/pull/58630,MERGED,74.66,2,385,0,997,4,0,12
freeCodeCamp,freeCodeCamp,58896,https://github.com/freeCodeCamp/freeCodeCamp/pull/58896,MERGED,140.73,5,272,6,750,3,0,4
freeCodeCamp,freeCodeCamp,58897,https://github.com/freeCodeCamp/freeCodeCamp/pull/58897,MERGED,123.16,7,400,7,750,3,0,3
freeCodeCamp,freeCodeCamp,58615,https://github.com/freeCodeCamp/freeCodeCamp/pull/58615,MERGED,5.89,2,162,0,750,3,0,3
freeCodeCamp,freeCodeCamp,58197,https://github.com/freeCodeCamp/freeCodeCamp/pull/58197,MERGED,107.4,2,98,0,750,3,0,6
freeCodeCamp,freeCodeCamp,58181,https://github.com/freeCodeCamp/freeCodeCamp/pull/58181,MERGED,81.3,1,105,0,931,4,1,3
freeCodeCamp,freeCodeCamp,58714,https://github.com/freeCodeCamp/freeCodeCamp/pull/58714,MERGED,32.25,8,442,0,750,4,0,4
freeCodeCamp,freeCodeCamp,58616,https://github.com/freeCodeCamp/freeCodeCamp/pull/58616,MERGED,19.86,3,272,0,736,4,0,5
freeCodeCamp,freeCodeCamp,61771,https://github.com/freeCodeCamp/freeCodeCamp/pull/61771,MERGED,45.76,3,257,6,806,4,0,2
freeCodeCamp,freeCodeCamp,58612,https://github.com/freeCodeCamp/freeCodeCamp/pull/58612,MERGED,6.48,1,38,0,750,3,0,4
freeCodeCamp,freeCodeCamp,58222,https://github.com/freeCodeCamp/freeCodeCamp/pull/58222,MERGED,99.11,5,166,0,750,3,0,3
freeCodeCamp,freeCodeCamp,58223,https://github.com/freeCodeCamp/freeCodeCamp/pull/58223,MERGED,231.17,3,104,0,750,4,0,3
freeCodeCamp,freeCodeCamp,58596,https://github.com/freeCodeCamp/freeCodeCamp/pull/58596,MERGED,146.97,23,1279,0,750,5,0,8
freeCodeCamp,freeCodeCamp,61642,https://github.com/freeCodeCamp/freeCodeCamp/pull/61642,MERGED,99.62,1,25,25,806,4,0,7
freeCodeCamp,freeCodeCamp,62412,https://github.com/freeCodeCamp/freeCodeCamp/pull/62412,MERGED,1.19,8,0,597,933,3,1,2
freeCodeCamp,freeCodeCamp,62410,https://github.com/freeCodeCamp/freeCodeCamp/pull/62410,MERGED,1.72,20,500,40,45,3,0,2
freeCodeCamp,freeCodeCamp,62404,https://github.com/freeCodeCamp/freeCodeCamp/pull/62404,MERGED,6.16,2,20,0,762,3,0,2
freeCodeCamp,freeCodeCamp,62405,https://github.com/freeCodeCamp/freeCodeCamp/pull/62405,MERGED,3.2,1,1,1,761,3,0,2
freeCodeCamp,freeCodeCamp,61204,https://github.com/freeCodeCamp/freeCodeCamp/pull/61204,CLOSED,1357.96,7,76,10,1038,5,6,4
freeCodeCamp,freeCodeCamp,62390,https://github.com/freeCodeCamp/freeCodeCamp/pull/62390,MERGED,8.61,1,1,1,747,3,0,2
freeCodeCamp,freeCodeCamp,62385,https://github.com/freeCodeCamp/freeCodeCamp/pull/62385,MERGED,17.0,2,15,102,917,3,0,2
freeCodeCamp,freeCodeCamp,62389,https://github.com/freeCodeCamp/freeCodeCamp/pull/62389,MERGED,3.91,2,2,2,407,3,1,2
freeCodeCamp,freeCodeCamp,55001,https://github.com/freeCodeCamp/freeCodeCamp/pull/55001,MERGED,74.7,4,10,3,2145,3,0,6
freeCodeCamp,freeCodeCamp,55190,https://github.com/freeCodeCamp/freeCodeCamp/pull/55190,MERGED,243.25,104,126,126,1181,5,4,4
freeCodeCamp,freeCodeCamp,56163,https://github.com/freeCodeCamp/freeCodeCamp/pull/56163,MERGED,277.26,8,264,195,1375,3,3,12
freeCodeCamp,freeCodeCamp,56101,https://github.com/freeCodeCamp/freeCodeCamp/pull/56101,MERGED,760.55,9,99,10,1058,4,4,6
freeCodeCamp,freeCodeCamp,56679,https://github.com/freeCodeCamp/freeCodeCamp/pull/56679,MERGED,334.85,3,5,21,1436,4,0,11
freeCodeCamp,freeCodeCamp,57201,https://github.com/freeCodeCamp/freeCodeCamp/pull/57201,MERGED,440.21,9,245,1,849,4,13,6
freeCodeCamp,freeCodeCamp,61148,https://github.com/freeCodeCamp/freeCodeCamp/pull/61148,MERGED,1080.97,3,377,0,912,3,0,2
freeCodeCamp,freeCodeCamp,61622,https://github.com/freeCodeCamp/freeCodeCamp/pull/61622,MERGED,464.67,2,179,5,1293,3,1,3
freeCodeCamp,freeCodeCamp,62322,https://github.com/freeCodeCamp/freeCodeCamp/pull/62322,MERGED,80.33,5,143,1,803,5,0,4
freeCodeCamp,freeCodeCamp,62383,https://github.com/freeCodeCamp/freeCodeCamp/pull/62383,MERGED,1.87,1,1,1,747,3,0,2
freeCodeCamp,freeCodeCamp,62382,https://github.com/freeCodeCamp/freeCodeCamp/pull/62382,MERGED,2.36,2,2,2,968,3,3,2
freeCodeCamp,freeCodeCamp,62203,https://github.com/freeCodeCamp/freeCodeCamp/pull/62203,MERGED,298.03,2,50,21,861,4,4,2
freeCodeCamp,freeCodeCamp,61756,https://github.com/freeCodeCamp/freeCodeCamp/pull/61756,MERGED,1163.15,3,19,17,851,7,4,7
freeCodeCamp,freeCodeCamp,62377,https://github.com/freeCodeCamp/freeCodeCamp/pull/62377,MERGED,1.08,1,3,3,920,4,0,3
freeCodeCamp,freeCodeCamp,62160,https://github.com/freeCodeCamp/freeCodeCamp/pull/62160,MERGED,349.66,13,917,24,806,4,0,5
freeCodeCamp,freeCodeCamp,61766,https://github.com/freeCodeCamp/freeCodeCamp/pull/61766,MERGED,1124.8,2,34,40,780,5,10,34
freeCodeCamp,freeCodeCamp,61710,https://github.com/freeCodeCamp/freeCodeCamp/pull/61710,MERGED,1196.51,3,14,22,735,4,0,2
freeCodeCamp,freeCodeCamp,62131,https://github.com/freeCodeCamp/freeCodeCamp/pull/62131,MERGED,380.81,1,187,4,806,4,1,6
freeCodeCamp,freeCodeCamp,62369,https://github.com/freeCodeCamp/freeCodeCamp/pull/62369,MERGED,4.61,2,2,2,546,3,1,2
freeCodeCamp,freeCodeCamp,62121,https://github.com/freeCodeCamp/freeCodeCamp/pull/62121,MERGED,372.12,7,1511,36,877,4,1,4
freeCodeCamp,freeCodeCamp,61361,https://github.com/freeCodeCamp/freeCodeCamp/pull/61361,MERGED,1716.17,12,397,81,874,5,3,4
freeCodeCamp,freeCodeCamp,59819,https://github.com/freeCodeCamp/freeCodeCamp/pull/59819,MERGED,1142.29,1,485,0,407,5,5,3
freeCodeCamp,freeCodeCamp,62310,https://github.com/freeCodeCamp/freeCodeCamp/pull/62310,MERGED,71.01,11,47,47,747,5,3,3
freeCodeCamp,freeCodeCamp,62313,https://github.com/freeCodeCamp/freeCodeCamp/pull/62313,MERGED,69.97,21,44,66,747,4,2,3
freeCodeCamp,freeCodeCamp,62359,https://github.com/freeCodeCamp/freeCodeCamp/pull/62359,MERGED,2.31,1,1,1,747,3,0,2
freeCodeCamp,freeCodeCamp,62357,https://github.com/freeCodeCamp/freeCodeCamp/pull/62357,MERGED,1.1,1,2,0,641,3,1,3
freeCodeCamp,freeCodeCamp,62356,https://github.com/freeCodeCamp/freeCodeCamp/pull/62356,MERGED,1.21,1,2,2,747,3,0,2
freeCodeCamp,freeCodeCamp,62271,https://github.com/freeCodeCamp/freeCodeCamp/pull/62271,MERGED,141.51,5,124,21,803,4,0,2
freeCodeCamp,freeCodeCamp,62345,https://github.com/freeCodeCamp/freeCodeCamp/pull/62345,MERGED,17.6,10,662,10,45,3,0,2
freeCodeCamp,freeCodeCamp,62317,https://github.com/freeCodeCamp/freeCodeCamp/pull/62317,MERGED,8.31,1,7,7,879,3,2,2
freeCodeCamp,freeCodeCamp,62339,https://github.com/freeCodeCamp/freeCodeCamp/pull/62339,MERGED,2.88,1,1,0,215,2,1,1
freeCodeCamp,freeCodeCamp,62330,https://github.com/freeCodeCamp/freeCodeCamp/pull/62330,MERGED,17.01,25,253,1813,1198,3,1,2
freeCodeCamp,freeCodeCamp,62118,https://github.com/freeCodeCamp/freeCodeCamp/pull/62118,MERGED,319.92,5,116,0,806,5,2,9
freeCodeCamp,freeCodeCamp,62331,https://github.com/freeCodeCamp/freeCodeCamp/pull/62331,MERGED,2.84,1,7,7,850,3,1,2
freeCodeCamp,freeCodeCamp,62300,https://github.com/freeCodeCamp/freeCodeCamp/pull/62300,MERGED,35.17,6,6,6,747,4,0,2
freeCodeCamp,freeCodeCamp,61748,https://github.com/freeCodeCamp/freeCodeCamp/pull/61748,CLOSED,8.86,2,2,2,908,2,1,1
freeCodeCamp,freeCodeCamp,62332,https://github.com/freeCodeCamp/freeCodeCamp/pull/62332,MERGED,1.06,1,1,1,747,3,0,2
freeCodeCamp,freeCodeCamp,62007,https://github.com/freeCodeCamp/freeCodeCamp/pull/62007,MERGED,531.93,2,1,10,933,5,4,2
freeCodeCamp,freeCodeCamp,62325,https://github.com/freeCodeCamp/freeCodeCamp/pull/62325,MERGED,3.03,1,1,1,525,3,4,3
freeCodeCamp,freeCodeCamp,61400,https://github.com/freeCodeCamp/freeCodeCamp/pull/61400,MERGED,1604.82,3,208,24,1167,5,0,8
freeCodeCamp,freeCodeCamp,62324,https://github.com/freeCodeCamp/freeCodeCamp/pull/62324,MERGED,1.01,1,1,1,747,3,0,2
freeCodeCamp,freeCodeCamp,62269,https://github.com/freeCodeCamp/freeCodeCamp/pull/62269,MERGED,108.44,1,60,5,803,3,0,3
freeCodeCamp,freeCodeCamp,61659,https://github.com/freeCodeCamp/freeCodeCamp/pull/61659,MERGED,1200.88,1,6,12,914,4,0,2
freeCodeCamp,freeCodeCamp,62306,https://github.com/freeCodeCamp/freeCodeCamp/pull/62306,MERGED,21.43,10,180,40,45,3,3,2
freeCodeCamp,freeCodeCamp,62189,https://github.com/freeCodeCamp/freeCodeCamp/pull/62189,MERGED,251.26,1,218,2,803,4,1,5
freeCodeCamp,freeCodeCamp,62319,https://github.com/freeCodeCamp/freeCodeCamp/pull/62319,MERGED,6.83,1,1,1,747,3,2,2
freeCodeCamp,freeCodeCamp,61416,https://github.com/freeCodeCamp/freeCodeCamp/pull/61416,CLOSED,713.15,8,1054,113,2050,5,4,3
freeCodeCamp,freeCodeCamp,62318,https://github.com/freeCodeCamp/freeCodeCamp/pull/62318,CLOSED,1.31,1,3,1,852,2,0,1
freeCodeCamp,freeCodeCamp,61700,https://github.com/freeCodeCamp/freeCodeCamp/pull/61700,MERGED,1121.73,1,21,11,750,5,5,3
freeCodeCamp,freeCodeCamp,62232,https://github.com/freeCodeCamp/freeCodeCamp/pull/62232,MERGED,159.6,1,3,2,762,3,5,6
freeCodeCamp,freeCodeCamp,62150,https://github.com/freeCodeCamp/freeCodeCamp/pull/62150,MERGED,274.68,1,120,103,806,6,1,8
freeCodeCamp,freeCodeCamp,62312,https://github.com/freeCodeCamp/freeCodeCamp/pull/62312,MERGED,2.26,1,2,2,1245,3,0,2
freeCodeCamp,freeCodeCamp,62311,https://github.com/freeCodeCamp/freeCodeCamp/pull/62311,MERGED,1.88,1,1,1,747,3,0,2
freeCodeCamp,freeCodeCamp,61911,https://github.com/freeCodeCamp/freeCodeCamp/pull/61911,MERGED,755.24,1,14,6,631,5,6,5
freeCodeCamp,freeCodeCamp,62248,https://github.com/freeCodeCamp/freeCodeCamp/pull/62248,MERGED,117.75,1,66,8,747,3,1,11
freeCodeCamp,freeCodeCamp,61374,https://github.com/freeCodeCamp/freeCodeCamp/pull/61374,MERGED,1615.33,7,247,46,735,4,2,2
freeCodeCamp,freeCodeCamp,62230,https://github.com/freeCodeCamp/freeCodeCamp/pull/62230,CLOSED,165.05,1,2,2,1645,3,4,9
freeCodeCamp,freeCodeCamp,62098,https://github.com/freeCodeCamp/freeCodeCamp/pull/62098,CLOSED,315.18,1,2,2,415,4,1,2
freeCodeCamp,freeCodeCamp,62305,https://github.com/freeCodeCamp/freeCodeCamp/pull/62305,MERGED,3.81,1,1,1,959,3,3,2
freeCodeCamp,freeCodeCamp,62296,https://github.com/freeCodeCamp/freeCodeCamp/pull/62296,CLOSED,17.57,2,6,6,851,3,1,1
freeCodeCamp,freeCodeCamp,62235,https://github.com/freeCodeCamp/freeCodeCamp/pull/62235,MERGED,74.67,2,3,3,747,3,0,2
freeCodeCamp,freeCodeCamp,62270,https://github.com/freeCodeCamp/freeCodeCamp/pull/62270,MERGED,77.82,11,26,4,843,5,0,4
freeCodeCamp,freeCodeCamp,61875,https://github.com/freeCodeCamp/freeCodeCamp/pull/61875,MERGED,815.05,12,81,1,943,4,3,7
freeCodeCamp,freeCodeCamp,62302,https://github.com/freeCodeCamp/freeCodeCamp/pull/62302,MERGED,7.19,1,1,1,644,4,5,2
freeCodeCamp,freeCodeCamp,62297,https://github.com/freeCodeCamp/freeCodeCamp/pull/62297,MERGED,14.23,1,2,2,923,4,1,3
freeCodeCamp,freeCodeCamp,61819,https://github.com/freeCodeCamp/freeCodeCamp/pull/61819,MERGED,923.46,1,86,13,1826,4,1,6
freeCodeCamp,freeCodeCamp,62264,https://github.com/freeCodeCamp/freeCodeCamp/pull/62264,MERGED,86.95,1,100,100,803,3,0,3
freeCodeCamp,freeCodeCamp,62301,https://github.com/freeCodeCamp/freeCodeCamp/pull/62301,MERGED,9.93,2,4,4,747,3,0,2
freeCodeCamp,freeCodeCamp,62259,https://github.com/freeCodeCamp/freeCodeCamp/pull/62259,MERGED,20.25,1,4,4,788,3,0,2
freeCodeCamp,freeCodeCamp,62274,https://github.com/freeCodeCamp/freeCodeCamp/pull/62274,MERGED,3.61,1,7,3,834,2,0,1
freeCodeCamp,freeCodeCamp,62275,https://github.com/freeCodeCamp/freeCodeCamp/pull/62275,MERGED,3.27,6,8,45,906,3,2,2
freeCodeCamp,freeCodeCamp,62173,https://github.com/freeCodeCamp/freeCodeCamp/pull/62173,MERGED,238.93,5,170,21,806,5,1,11
freeCodeCamp,freeCodeCamp,62295,https://github.com/freeCodeCamp/freeCodeCamp/pull/62295,MERGED,1.72,1,1,1,747,3,0,2
freeCodeCamp,freeCodeCamp,62283,https://github.com/freeCodeCamp/freeCodeCamp/pull/62283,MERGED,15.56,2,2,2,747,3,0,2
freeCodeCamp,freeCodeCamp,62282,https://github.com/freeCodeCamp/freeCodeCamp/pull/62282,MERGED,5.69,1,0,8,849,3,1,5
freeCodeCamp,freeCodeCamp,62263,https://github.com/freeCodeCamp/freeCodeCamp/pull/62263,MERGED,24.12,3,46,71,953,3,0,3
freeCodeCamp,freeCodeCamp,62208,https://github.com/freeCodeCamp/freeCodeCamp/pull/62208,MERGED,137.04,2,2,2,747,5,2,2
freeCodeCamp,freeCodeCamp,62268,https://github.com/freeCodeCamp/freeCodeCamp/pull/62268,MERGED,21.83,1,207,13,1376,3,0,2
freeCodeCamp,freeCodeCamp,60496,https://github.com/freeCodeCamp/freeCodeCamp/pull/60496,CLOSED,2869.47,4,75,159,978,3,8,3
freeCodeCamp,freeCodeCamp,62273,https://github.com/freeCodeCamp/freeCodeCamp/pull/62273,MERGED,3.14,2,2,2,747,3,0,2
freeCodeCamp,freeCodeCamp,62241,https://github.com/freeCodeCamp/freeCodeCamp/pull/62241,CLOSED,34.14,1,50,52,407,2,11,4
freeCodeCamp,freeCodeCamp,62252,https://github.com/freeCodeCamp/freeCodeCamp/pull/62252,MERGED,24.38,1,2,0,1318,3,3,4
freeCodeCamp,freeCodeCamp,62267,https://github.com/freeCodeCamp/freeCodeCamp/pull/62267,MERGED,9.45,1,0,2,962,3,0,2
freeCodeCamp,freeCodeCamp,62265,https://github.com/freeCodeCamp/freeCodeCamp/pull/62265,MERGED,12.47,6,61,37,850,3,0,3
freeCodeCamp,freeCodeCamp,62089,https://github.com/freeCodeCamp/freeCodeCamp/pull/62089,MERGED,256.89,5,262,142,982,5,2,1
freeCodeCamp,freeCodeCamp,62260,https://github.com/freeCodeCamp/freeCodeCamp/pull/62260,MERGED,16.11,1,50,37,841,3,0,2
freeCodeCamp,freeCodeCamp,61915,https://github.com/freeCodeCamp/freeCodeCamp/pull/61915,MERGED,667.71,240,667,613,1281,3,0,1
freeCodeCamp,freeCodeCamp,62238,https://github.com/freeCodeCamp/freeCodeCamp/pull/62238,CLOSED,36.94,1,8,6,1109,2,2,1
freeCodeCamp,freeCodeCamp,62191,https://github.com/freeCodeCamp/freeCodeCamp/pull/62191,MERGED,138.75,1,94,94,803,4,0,7
freeCodeCamp,freeCodeCamp,61683,https://github.com/freeCodeCamp/freeCodeCamp/pull/61683,MERGED,1037.04,10,260,7,821,4,1,7
freeCodeCamp,freeCodeCamp,62085,https://github.com/freeCodeCamp/freeCodeCamp/pull/62085,MERGED,224.04,15,567,743,733,4,5,2
freeCodeCamp,freeCodeCamp,62051,https://github.com/freeCodeCamp/freeCodeCamp/pull/62051,MERGED,321.14,46,4872,3,806,5,1,8
freeCodeCamp,freeCodeCamp,62234,https://github.com/freeCodeCamp/freeCodeCamp/pull/62234,MERGED,27.92,1,2,2,489,3,2,2
freeCodeCamp,freeCodeCamp,62242,https://github.com/freeCodeCamp/freeCodeCamp/pull/62242,MERGED,2.91,10,460,60,45,3,0,2
freeCodeCamp,freeCodeCamp,62237,https://github.com/freeCodeCamp/freeCodeCamp/pull/62237,CLOSED,4.89,1,4,776,417,2,0,1
freeCodeCamp,freeCodeCamp,62217,https://github.com/freeCodeCamp/freeCodeCamp/pull/62217,MERGED,30.94,2,4,4,747,3,0,4
freeCodeCamp,freeCodeCamp,61783,https://github.com/freeCodeCamp/freeCodeCamp/pull/61783,MERGED,846.48,12,43,62,750,4,5,3
freeCodeCamp,freeCodeCamp,62048,https://github.com/freeCodeCamp/freeCodeCamp/pull/62048,MERGED,286.04,2,67,77,2163,5,9,5
freeCodeCamp,freeCodeCamp,62067,https://github.com/freeCodeCamp/freeCodeCamp/pull/62067,MERGED,232.57,6,456,3,806,4,0,5
freeCodeCamp,freeCodeCamp,62182,https://github.com/freeCodeCamp/freeCodeCamp/pull/62182,MERGED,96.07,2,52,9,798,3,0,2
freeCodeCamp,freeCodeCamp,61171,https://github.com/freeCodeCamp/freeCodeCamp/pull/61171,MERGED,1853.31,1,11,0,812,4,5,2
freeCodeCamp,freeCodeCamp,62038,https://github.com/freeCodeCamp/freeCodeCamp/pull/62038,CLOSED,306.47,13,85,12,1185,4,2,2
freeCodeCamp,freeCodeCamp,62225,https://github.com/freeCodeCamp/freeCodeCamp/pull/62225,MERGED,16.76,19,1553,1,766,3,1,4
freeCodeCamp,freeCodeCamp,62179,https://github.com/freeCodeCamp/freeCodeCamp/pull/62179,MERGED,92.37,5,39,30,915,3,0,2
freeCodeCamp,freeCodeCamp,62177,https://github.com/freeCodeCamp/freeCodeCamp/pull/62177,MERGED,92.3,86,1093,957,991,3,1,2
freeCodeCamp,freeCodeCamp,62116,https://github.com/freeCodeCamp/freeCodeCamp/pull/62116,MERGED,144.99,22,3126,1,806,4,3,12
freeCodeCamp,freeCodeCamp,62190,https://github.com/freeCodeCamp/freeCodeCamp/pull/62190,MERGED,70.38,24,608,39,1152,3,0,4
freeCodeCamp,freeCodeCamp,62186,https://github.com/freeCodeCamp/freeCodeCamp/pull/62186,MERGED,1.3,36,257,288,732,3,0,2
freeCodeCamp,freeCodeCamp,62050,https://github.com/freeCodeCamp/freeCodeCamp/pull/62050,MERGED,258.02,21,622,58,913,4,6,1
freeCodeCamp,freeCodeCamp,62221,https://github.com/freeCodeCamp/freeCodeCamp/pull/62221,MERGED,1.58,20,648,278,45,3,0,2
freeCodeCamp,freeCodeCamp,61269,https://github.com/freeCodeCamp/freeCodeCamp/pull/61269,MERGED,1624.03,4,39,39,920,3,1,2
freeCodeCamp,freeCodeCamp,62084,https://github.com/freeCodeCamp/freeCodeCamp/pull/62084,MERGED,99.57,5,121,3,806,5,1,8
freeCodeCamp,freeCodeCamp,62214,https://github.com/freeCodeCamp/freeCodeCamp/pull/62214,MERGED,9.29,1,1,1,747,3,0,2
freeCodeCamp,freeCodeCamp,62209,https://github.com/freeCodeCamp/freeCodeCamp/pull/62209,CLOSED,10.54,35,326,116,1064,2,6,1
freeCodeCamp,freeCodeCamp,62202,https://github.com/freeCodeCamp/freeCodeCamp/pull/62202,MERGED,14.48,1,7,7,747,3,0,2
freeCodeCamp,freeCodeCamp,62207,https://github.com/freeCodeCamp/freeCodeCamp/pull/62207,MERGED,6.79,1,1,1,1234,3,0,2
freeCodeCamp,freeCodeCamp,61695,https://github.com/freeCodeCamp/freeCodeCamp/pull/61695,MERGED,3.53,2,39,0,227,4,1,2
freeCodeCamp,freeCodeCamp,61936,https://github.com/freeCodeCamp/freeCodeCamp/pull/61936,MERGED,450.19,8,26,5,1062,3,0,3
freeCodeCamp,freeCodeCamp,62185,https://github.com/freeCodeCamp/freeCodeCamp/pull/62185,MERGED,4.89,1,5,10,830,3,0,3
freeCodeCamp,freeCodeCamp,62172,https://github.com/freeCodeCamp/freeCodeCamp/pull/62172,MERGED,9.87,1,1,1,755,3,3,2
freeCodeCamp,freeCodeCamp,61935,https://github.com/freeCodeCamp/freeCodeCamp/pull/61935,CLOSED,446.36,5,352,0,953,3,0,1
freeCodeCamp,freeCodeCamp,61398,https://github.com/freeCodeCamp/freeCodeCamp/pull/61398,MERGED,1344.74,94,15,605,995,5,0,3
freeCodeCamp,freeCodeCamp,62163,https://github.com/freeCodeCamp/freeCodeCamp/pull/62163,MERGED,10.9,1,8,1,750,3,0,3
freeCodeCamp,freeCodeCamp,62046,https://github.com/freeCodeCamp/freeCodeCamp/pull/62046,MERGED,183.14,23,313,169,655,6,2,2
freeCodeCamp,freeCodeCamp,62137,https://github.com/freeCodeCamp/freeCodeCamp/pull/62137,MERGED,44.46,1,20,0,904,3,4,2
freeCodeCamp,freeCodeCamp,62136,https://github.com/freeCodeCamp/freeCodeCamp/pull/62136,MERGED,44.64,12,74,24,960,4,2,3
freeCodeCamp,freeCodeCamp,62158,https://github.com/freeCodeCamp/freeCodeCamp/pull/62158,MERGED,13.69,1,1,1,751,3,0,2
freeCodeCamp,freeCodeCamp,62162,https://github.com/freeCodeCamp/freeCodeCamp/pull/62162,MERGED,8.19,1,2,0,665,3,0,2
freeCodeCamp,freeCodeCamp,61739,https://github.com/freeCodeCamp/freeCodeCamp/pull/61739,MERGED,831.09,1,228,3,806,5,1,6
freeCodeCamp,freeCodeCamp,62148,https://github.com/freeCodeCamp/freeCodeCamp/pull/62148,MERGED,26.02,1,1,1,719,4,2,2
freeCodeCamp,freeCodeCamp,61986,https://github.com/freeCodeCamp/freeCodeCamp/pull/61986,CLOSED,323.03,32,466,64,710,3,2,6
freeCodeCamp,freeCodeCamp,62153,https://github.com/freeCodeCamp/freeCodeCamp/pull/62153,CLOSED,11.32,1,1,1,751,4,2,2
freeCodeCamp,freeCodeCamp,62156,https://github.com/freeCodeCamp/freeCodeCamp/pull/62156,MERGED,3.27,7,44,7,853,3,0,3
freeCodeCamp,freeCodeCamp,62114,https://github.com/freeCodeCamp/freeCodeCamp/pull/62114,MERGED,3.66,130,14,14,1069,3,0,2
freeCodeCamp,freeCodeCamp,60819,https://github.com/freeCodeCamp/freeCodeCamp/pull/60819,MERGED,355.8,3,88,477,1056,3,0,3
freeCodeCamp,freeCodeCamp,62159,https://github.com/freeCodeCamp/freeCodeCamp/pull/62159,MERGED,1.37,1,1,1,950,3,0,4
freeCodeCamp,freeCodeCamp,56275,https://github.com/freeCodeCamp/freeCodeCamp/pull/56275,MERGED,8444.5,3,49,3,859,9,15,5
freeCodeCamp,freeCodeCamp,59644,https://github.com/freeCodeCamp/freeCodeCamp/pull/59644,MERGED,3735.86,3,254,34,802,5,19,17
freeCodeCamp,freeCodeCamp,62099,https://github.com/freeCodeCamp/freeCodeCamp/pull/62099,MERGED,51.73,1,2,2,754,3,0,2
freeCodeCamp,freeCodeCamp,61256,https://github.com/freeCodeCamp/freeCodeCamp/pull/61256,MERGED,1556.91,16,273,85,928,4,2,2
freeCodeCamp,freeCodeCamp,62086,https://github.com/freeCodeCamp/freeCodeCamp/pull/62086,MERGED,75.08,20,800,40,45,3,0,2
freeCodeCamp,freeCodeCamp,60901,https://github.com/freeCodeCamp/freeCodeCamp/pull/60901,MERGED,2073.3,1,9,0,829,4,0,2
freeCodeCamp,freeCodeCamp,60455,https://github.com/freeCodeCamp/freeCodeCamp/pull/60455,CLOSED,2735.89,1,7,0,755,6,6,1
freeCodeCamp,freeCodeCamp,61962,https://github.com/freeCodeCamp/freeCodeCamp/pull/61962,MERGED,351.65,8,42,8,1019,3,2,2
freeCodeCamp,freeCodeCamp,61996,https://github.com/freeCodeCamp/freeCodeCamp/pull/61996,MERGED,270.49,6,46,40,1060,4,3,1
freeCodeCamp,freeCodeCamp,62014,https://github.com/freeCodeCamp/freeCodeCamp/pull/62014,MERGED,212.96,4,109,30,739,3,0,3
freeCodeCamp,freeCodeCamp,61218,https://github.com/freeCodeCamp/freeCodeCamp/pull/61218,MERGED,1627.2,27,415,317,1466,6,10,20
freeCodeCamp,freeCodeCamp,62069,https://github.com/freeCodeCamp/freeCodeCamp/pull/62069,MERGED,84.88,1,1,1,1534,3,4,2
freeCodeCamp,freeCodeCamp,62143,https://github.com/freeCodeCamp/freeCodeCamp/pull/62143,MERGED,6.35,1,54,0,750,3,1,4
freeCodeCamp,freeCodeCamp,62130,https://github.com/freeCodeCamp/freeCodeCamp/pull/62130,CLOSED,10.81,1,20,0,535,4,8,2
freeCodeCamp,freeCodeCamp,62145,https://github.com/freeCodeCamp/freeCodeCamp/pull/62145,MERGED,1.31,11,90,90,1007,3,0,2
freeCodeCamp,freeCodeCamp,62141,https://github.com/freeCodeCamp/freeCodeCamp/pull/62141,MERGED,2.13,1,1,1,750,3,0,2
freeCodeCamp,freeCodeCamp,62120,https://github.com/freeCodeCamp/freeCodeCamp/pull/62120,MERGED,7.99,1,2,2,1083,3,3,2
freeCodeCamp,freeCodeCamp,62126,https://github.com/freeCodeCamp/freeCodeCamp/pull/62126,MERGED,5.3,2,39,3,856,3,0,2
freeCodeCamp,freeCodeCamp,61866,https://github.com/freeCodeCamp/freeCodeCamp/pull/61866,MERGED,549.07,1,44,0,833,3,0,2
freeCodeCamp,freeCodeCamp,61865,https://github.com/freeCodeCamp/freeCodeCamp/pull/61865,MERGED,549.09,20,119,13,964,4,1,2
freeCodeCamp,freeCodeCamp,62104,https://github.com/freeCodeCamp/freeCodeCamp/pull/62104,MERGED,22.69,2,120,11,97,2,1,1
freeCodeCamp,freeCodeCamp,62134,https://github.com/freeCodeCamp/freeCodeCamp/pull/62134,MERGED,1.0,1,1,1,467,3,5,2
freeCodeCamp,freeCodeCamp,62124,https://github.com/freeCodeCamp/freeCodeCamp/pull/62124,MERGED,1.6,2,3,3,750,3,2,2
freeCodeCamp,freeCodeCamp,62103,https://github.com/freeCodeCamp/freeCodeCamp/pull/62103,MERGED,5.2,10,10,10,782,3,0,2
freeCodeCamp,freeCodeCamp,62090,https://github.com/freeCodeCamp/freeCodeCamp/pull/62090,MERGED,22.52,3,29,3,902,3,0,2
freeCodeCamp,freeCodeCamp,62095,https://github.com/freeCodeCamp/freeCodeCamp/pull/62095,MERGED,15.36,114,516,446,1090,3,0,2
freeCodeCamp,freeCodeCamp,62093,https://github.com/freeCodeCamp/freeCodeCamp/pull/62093,MERGED,11.85,1,30,1,503,4,1,3
freeCodeCamp,freeCodeCamp,60450,https://github.com/freeCodeCamp/freeCodeCamp/pull/60450,MERGED,2539.53,1,8,14,761,5,7,12
freeCodeCamp,freeCodeCamp,62077,https://github.com/freeCodeCamp/freeCodeCamp/pull/62077,MERGED,4.93,1,1,1,750,3,0,2
freeCodeCamp,freeCodeCamp,61747,https://github.com/freeCodeCamp/freeCodeCamp/pull/61747,MERGED,71.68,7,1377,46,792,4,0,14
freeCodeCamp,freeCodeCamp,61378,https://github.com/freeCodeCamp/freeCodeCamp/pull/61378,MERGED,205.1,27,192,76,933,4,0,3
freeCodeCamp,freeCodeCamp,61294,https://github.com/freeCodeCamp/freeCodeCamp/pull/61294,MERGED,138.63,9,1117,108,967,3,0,4
freeCodeCamp,freeCodeCamp,62091,https://github.com/freeCodeCamp/freeCodeCamp/pull/62091,MERGED,1.61,1,5,6,815,3,0,2
freeCodeCamp,freeCodeCamp,62072,https://github.com/freeCodeCamp/freeCodeCamp/pull/62072,MERGED,23.3,1,1,1,752,3,0,2
freeCodeCamp,freeCodeCamp,62076,https://github.com/freeCodeCamp/freeCodeCamp/pull/62076,MERGED,10.94,1,0,2,1004,3,0,2
freeCodeCamp,freeCodeCamp,62073,https://github.com/freeCodeCamp/freeCodeCamp/pull/62073,MERGED,18.91,3,3,3,750,3,1,2
freeCodeCamp,freeCodeCamp,62058,https://github.com/freeCodeCamp/freeCodeCamp/pull/62058,MERGED,65.46,23,342,174,1102,4,3,6
freeCodeCamp,freeCodeCamp,62002,https://github.com/freeCodeCamp/freeCodeCamp/pull/62002,MERGED,118.91,1,3,3,951,3,0,2
freeCodeCamp,freeCodeCamp,62061,https://github.com/freeCodeCamp/freeCodeCamp/pull/62061,MERGED,34.21,2,4,4,853,3,0,2
freeCodeCamp,freeCodeCamp,61963,https://github.com/freeCodeCamp/freeCodeCamp/pull/61963,MERGED,228.43,76,85,79,1263,4,0,3
freeCodeCamp,freeCodeCamp,62062,https://github.com/freeCodeCamp/freeCodeCamp/pull/62062,MERGED,9.55,2,2,2,750,3,0,2
freeCodeCamp,freeCodeCamp,61925,https://github.com/freeCodeCamp/freeCodeCamp/pull/61925,MERGED,104.08,4,13,8,251,4,2,2
freeCodeCamp,freeCodeCamp,61688,https://github.com/freeCodeCamp/freeCodeCamp/pull/61688,MERGED,724.53,5,112,0,926,3,0,5
freeCodeCamp,freeCodeCamp,61950,https://github.com/freeCodeCamp/freeCodeCamp/pull/61950,MERGED,247.07,5,118,0,792,3,0,10
freeCodeCamp,freeCodeCamp,62059,https://github.com/freeCodeCamp/freeCodeCamp/pull/62059,MERGED,2.23,16,82,0,945,3,0,2
freeCodeCamp,freeCodeCamp,61958,https://github.com/freeCodeCamp/freeCodeCamp/pull/61958,MERGED,221.35,11,1148,968,45,4,3,2
freeCodeCamp,freeCodeCamp,61992,https://github.com/freeCodeCamp/freeCodeCamp/pull/61992,MERGED,147.66,1,9,6,1426,3,0,2
freeCodeCamp,freeCodeCamp,60519,https://github.com/freeCodeCamp/freeCodeCamp/pull/60519,CLOSED,2484.03,144,1941,15,751,6,3,2
freeCodeCamp,freeCodeCamp,62019,https://github.com/freeCodeCamp/freeCodeCamp/pull/62019,MERGED,73.25,1,1,1,1229,4,1,2
freeCodeCamp,freeCodeCamp,62056,https://github.com/freeCodeCamp/freeCodeCamp/pull/62056,MERGED,2.98,5,107,13,1005,3,0,2
freeCodeCamp,freeCodeCamp,62040,https://github.com/freeCodeCamp/freeCodeCamp/pull/62040,MERGED,28.91,18,237,238,935,4,3,5
freeCodeCamp,freeCodeCamp,62054,https://github.com/freeCodeCamp/freeCodeCamp/pull/62054,MERGED,3.54,2,2,2,1084,4,2,5
freeCodeCamp,freeCodeCamp,61870,https://github.com/freeCodeCamp/freeCodeCamp/pull/61870,MERGED,407.74,1,4,0,807,3,2,2
freeCodeCamp,freeCodeCamp,59012,https://github.com/freeCodeCamp/freeCodeCamp/pull/59012,MERGED,4576.15,7,438,282,907,8,8,19
freeCodeCamp,freeCodeCamp,62047,https://github.com/freeCodeCamp/freeCodeCamp/pull/62047,MERGED,13.09,1,1,1,861,3,2,2
freeCodeCamp,freeCodeCamp,61867,https://github.com/freeCodeCamp/freeCodeCamp/pull/61867,CLOSED,400.98,1,16,1,884,3,3,1
freeCodeCamp,freeCodeCamp,61968,https://github.com/freeCodeCamp/freeCodeCamp/pull/61968,MERGED,180.35,11,211,101,895,3,0,2
freeCodeCamp,freeCodeCamp,62022,https://github.com/freeCodeCamp/freeCodeCamp/pull/62022,MERGED,41.02,11,67,15,848,3,0,3
freeCodeCamp,freeCodeCamp,62042,https://github.com/freeCodeCamp/freeCodeCamp/pull/62042,MERGED,2.74,1,4,4,1101,3,0,2
freeCodeCamp,freeCodeCamp,62037,https://github.com/freeCodeCamp/freeCodeCamp/pull/62037,MERGED,12.85,1,1,1,520,4,1,3
freeCodeCamp,freeCodeCamp,60785,https://github.com/freeCodeCamp/freeCodeCamp/pull/60785,CLOSED,2084.12,3,24,3,1052,2,6,1
freeCodeCamp,freeCodeCamp,61991,https://github.com/freeCodeCamp/freeCodeCamp/pull/61991,MERGED,117.75,54,4326,2,971,4,1,19
freeCodeCamp,freeCodeCamp,62027,https://github.com/freeCodeCamp/freeCodeCamp/pull/62027,MERGED,3.4,1,11,1,838,3,0,2
freeCodeCamp,freeCodeCamp,62011,https://github.com/freeCodeCamp/freeCodeCamp/pull/62011,MERGED,40.04,2,87,4,1007,3,0,8
